n_observations,multiple_r_squared,adjusted_r_squared,f_statistic,f_p_value,intercept,bc_aod_coef,temperature_coef,snowfall_coef,rainfall_coef,bc_aod_beta,temperature_beta,snowfall_beta,rainfall_beta,shapiro_wilk_p,homoscedasticity_p,vif_bc_aod_regional,vif_temperature_c,vif_snowfall_mm,vif_rainfall_mm
298,0.0766636858012556,0.06405841188727968,6.081873850932751,0.00010296695874267847,0.3593260764533994,-1.398610181523188,-0.003761722766163045,0.005043632625911766,-0.003045673995090259,-0.19218104077695233,-0.12370089002289578,0.07147230181807765,-0.08519125809039697,1.4326685535098417e-08,3.471734696597549e-06,1.0712655970804856,1.1420536157192198,1.0979062033162974,1.0845429495247223
