variable,coefficient,standard_error,t_statistic,p_value
intercept,0.3593260764533994,0.023077072891323824,15.570695562022232,0.0
bc_aod,-1.398610181523188,0.4228446805919539,-3.3076215587369537,0.0010582358384163548
temperature,-0.003761722766163045,0.001824329814295167,-2.0619751629813674,0.040091701591620454
snowfall,0.005043632625911766,0.004150825191126885,1.2150915525648764,0.2253094143251162
rainfall,-0.003045673995090259,0.0020900559349120882,-1.4572212849501398,0.14612618888823858
